ticker,year,review_reason,observation_status,wayback_url,review_status,review_notes
AAPL,2016,selected capture could not be extracted,insufficient_substantive_text,https://web.archive.org/web/20160628180133id_/https://www.apple.com/about/,pending,
AAPL,2017,selected capture could not be extracted,insufficient_substantive_text,https://web.archive.org/web/20170517063558id_/https://www.apple.com/about/,pending,
ABBV,2023,review_required,usable,https://web.archive.org/web/20230614135656id_/https://www.abbvie.com/who-we-are.html,pending,
ABBV,2024,review_required,usable,https://web.archive.org/web/20240620175013id_/https://www.abbvie.com/who-we-are.html,pending,
ABT,2016,selected capture could not be extracted,insufficient_substantive_text,https://web.archive.org/web/20160702192741id_/http://www.abbott.com:80/about-abbott.html,pending,
ABT,2017,selected capture could not be extracted,insufficient_substantive_text,https://web.archive.org/web/20170702073816id_/http://www.abbott.com:80/about-abbott.html,pending,
ABT,2018,selected capture could not be extracted,insufficient_substantive_text,https://web.archive.org/web/20180629102107id_/http://www.abbott.com:80/about-abbott.html,pending,
ABT,2019,selected capture could not be extracted,insufficient_substantive_text,https://web.archive.org/web/20190610194507id_/https://www.abbott.com/about-abbott.html,pending,
ABT,2020,selected capture could not be extracted,insufficient_substantive_text,https://web.archive.org/web/20200625163559id_/https://www.abbott.com/about-abbott.html,pending,
ABT,2021,selected capture could not be extracted,insufficient_substantive_text,https://web.archive.org/web/20210617092724id_/https://www.abbott.com/about-abbott.html,pending,
ABT,2022,selected capture could not be extracted,insufficient_substantive_text,https://web.archive.org/web/20220706171525id_/https://www.abbott.com/about-abbott.html,pending,
ABT,2023,selected capture could not be extracted,insufficient_substantive_text,https://web.archive.org/web/20230701174340id_/https://www.abbott.com/about-abbott.html,pending,
ABT,2024,review_required,usable,https://web.archive.org/web/20240705075929id_/https://www.abbott.com/about-abbott.html,pending,
AMZN,2020,review_required,usable,https://web.archive.org/web/20201124040148id_/https://www.aboutamazon.com/about-us,pending,
AMZN,2022,review_required,usable,https://web.archive.org/web/20220701195656id_/https://www.aboutamazon.com/about-us,pending,
AMZN,2023,review_required,usable,https://web.archive.org/web/20230701061232id_/https://www.aboutamazon.com/about-us,pending,
AMZN,2024,review_required,usable,https://web.archive.org/web/20240628041206id_/https://www.aboutamazon.com/about-us,pending,
AVGO,2017,selected capture could not be extracted,insufficient_substantive_text,https://web.archive.org/web/20170712084805id_/https://www.broadcom.com/company/about-us/,pending,
AVGO,2018,review_required,usable,https://web.archive.org/web/20180518235442id_/https://www.broadcom.com/company/about-us/,pending,
AVGO,2019,selected capture could not be extracted,insufficient_substantive_text,https://web.archive.org/web/20190720025241id_/https://www.broadcom.com/company/about-us,pending,
AVGO,2020,selected capture could not be extracted,insufficient_substantive_text,https://web.archive.org/web/20200629180821id_/https://www.broadcom.com/company/about-us,pending,
AVGO,2021,selected capture could not be extracted,insufficient_substantive_text,https://web.archive.org/web/20210616142604id_/https://www.broadcom.com/company/about-us,pending,
AVGO,2022,selected capture could not be extracted,insufficient_substantive_text,https://web.archive.org/web/20220701113022id_/https://www.broadcom.com/company/about-us,pending,
AVGO,2023,selected capture could not be extracted,insufficient_substantive_text,https://web.archive.org/web/20230607094113id_/https://www.broadcom.com/company/about-us,pending,
AVGO,2024,selected capture could not be extracted,insufficient_substantive_text,https://web.archive.org/web/20240702010308id_/https://www.broadcom.com/company/about-us,pending,
AXP,2023,review_required,usable,https://web.archive.org/web/20230609192334id_/https://www.americanexpress.com/en-us/company/who-we-are/,pending,
AXP,2024,review_required,usable,https://web.archive.org/web/20240718065711id_/https://www.americanexpress.com/en-us/company/who-we-are/,pending,
BLK,2018,review_required,usable,https://web.archive.org/web/20180628205037id_/https://www.blackrock.com/corporate/about-us,pending,
BLK,2020,selected capture could not be extracted,insufficient_substantive_text,https://web.archive.org/web/20200630174429id_/https://www.blackrock.com/corporate/about-us,pending,
BLK,2021,automated_pass,usable,https://web.archive.org/web/20210706123747id_/https://www.blackrock.com/corporate/about-us,pending,
BLK,2022,automated_pass,usable,https://web.archive.org/web/20220629111955id_/https://www.blackrock.com/corporate/about-us,pending,
BLK,2023,automated_pass,usable,https://web.archive.org/web/20230627230114id_/https://www.blackrock.com/corporate/about-us,pending,
BLK,2024,automated_pass,usable,https://web.archive.org/web/20240703150858id_/https://www.blackrock.com/corporate/about-us,pending,
BMY,2017,automated_pass,usable,https://web.archive.org/web/20170606231506id_/https://www.bms.com/about-us.html,pending,
BMY,2018,automated_pass,usable,https://web.archive.org/web/20181104110141id_/https://www.bms.com/about-us.html,pending,
BMY,2019,automated_pass,usable,https://web.archive.org/web/20190730184845id_/https://www.bms.com/about-us.html,pending,
BMY,2020,automated_pass,usable,https://web.archive.org/web/20200630211129id_/https://www.bms.com/about-us.html,pending,
BMY,2021,review_required,usable,https://web.archive.org/web/20210712091849id_/https://www.bms.com/about-us.html,pending,
BMY,2022,review_required,usable,https://web.archive.org/web/20220623234131id_/https://www.bms.com/about-us.html,pending,
BMY,2023,review_required,usable,https://web.archive.org/web/20230701233652id_/https://www.bms.com/about-us.html,pending,
BMY,2024,review_required,usable,https://web.archive.org/web/20240703222208id_/https://www.bms.com/about-us.html,pending,
BRK.B,2016,no eligible page candidate,no_eligible_page,,pending,
BRK.B,2017,no eligible page candidate,no_eligible_page,,pending,
BRK.B,2018,no eligible page candidate,no_eligible_page,,pending,
BRK.B,2019,no eligible page candidate,no_eligible_page,,pending,
BRK.B,2020,no eligible page candidate,no_eligible_page,,pending,
BRK.B,2021,no eligible page candidate,no_eligible_page,,pending,
BRK.B,2022,no eligible page candidate,no_eligible_page,,pending,
BRK.B,2023,no eligible page candidate,no_eligible_page,,pending,
BRK.B,2024,no eligible page candidate,no_eligible_page,,pending,
C,2023,automated_pass,usable,https://web.archive.org/web/20230722101707id_/https://www.citigroup.com/global/about-us,pending,
C,2024,review_required,usable,https://web.archive.org/web/20240702093443id_/https://www.citigroup.com/global/about-us,pending,
COP,2017,automated_pass,usable,https://web.archive.org/web/20171204023000id_/http://www.conocophillips.com:80/about-us/,pending,
COP,2018,automated_pass,usable,https://web.archive.org/web/20180625204927id_/http://www.conocophillips.com/about-us/,pending,
COP,2019,automated_pass,usable,https://web.archive.org/web/20190620164530id_/http://www.conocophillips.com/about-us/,pending,
COP,2020,review_required,usable,https://web.archive.org/web/20200627113744id_/http://www.conocophillips.com:80/about-us/,pending,
COP,2021,review_required,usable,https://web.archive.org/web/20210511065250id_/https://www.conocophillips.com/about-us/,pending,
COP,2022,review_required,usable,https://web.archive.org/web/20220522113959id_/https://www.conocophillips.com/about-us/,pending,
COP,2023,review_required,usable,https://web.archive.org/web/20230703160512id_/https://www.conocophillips.com/about-us/,pending,
COP,2024,review_required,usable,https://web.archive.org/web/20240703093500id_/https://www.conocophillips.com/about-us/,pending,
CRM,2021,automated_pass,usable,https://web.archive.org/web/20210629085038id_/https://www.salesforce.com/company/our-story/,pending,
CRM,2022,automated_pass,usable,https://web.archive.org/web/20220323135107id_/https://www.salesforce.com/company/our-story/,pending,
CRM,2023,automated_pass,usable,https://web.archive.org/web/20230707022209id_/https://www.salesforce.com/company/our-story/,pending,
CVX,2023,review_required,usable,https://web.archive.org/web/20231215134249id_/https://www.chevron.com/who-we-are,pending,
CVX,2024,review_required,usable,https://web.archive.org/web/20240702022434id_/https://www.chevron.com/who-we-are,pending,
EOG,2016,selected capture could not be extracted,insufficient_substantive_text,https://web.archive.org/web/20161019194935id_/http://www.eogresources.com:80/about/,pending,
F,2020,review_required,usable,https://web.archive.org/web/20200726092803id_/https://corporate.ford.com/about.html,pending,
F,2021,review_required,usable,https://web.archive.org/web/20210607050942id_/https://corporate.ford.com/about.html,pending,
F,2022,review_required,usable,https://web.archive.org/web/20220511171704id_/https://corporate.ford.com/about.html,pending,
F,2023,review_required,usable,https://web.archive.org/web/20230725034918id_/https://corporate.ford.com/about.html,pending,
F,2024,review_required,usable,https://web.archive.org/web/20240625224035id_/https://corporate.ford.com/about.html,pending,
GOOGL,2016,automated_pass,usable,https://web.archive.org/web/20160710074317id_/https://abc.xyz/,pending,
GOOGL,2017,automated_pass,usable,https://web.archive.org/web/20170630080041id_/https://abc.xyz/,pending,
GOOGL,2018,automated_pass,usable,https://web.archive.org/web/20180725035009id_/https://abc.xyz/,pending,
GOOGL,2019,automated_pass,usable,https://web.archive.org/web/20190714021057id_/https://abc.xyz/,pending,
GOOGL,2020,automated_pass,usable,https://web.archive.org/web/20200626061528id_/https://abc.xyz/,pending,
GOOGL,2021,automated_pass,usable,https://web.archive.org/web/20210706034541id_/https://abc.xyz/,pending,
GOOGL,2022,automated_pass,usable,https://web.archive.org/web/20220630020123id_/https://abc.xyz,pending,
GOOGL,2023,selected capture could not be extracted,insufficient_substantive_text,https://web.archive.org/web/20230629041821id_/https://abc.xyz/,pending,
GOOGL,2024,selected capture could not be extracted,insufficient_substantive_text,https://web.archive.org/web/20240702101128id_/https://abc.xyz/,pending,
GS,2019,selected capture could not be extracted,insufficient_substantive_text,https://web.archive.org/web/20190819061011id_/https://www.goldmansachs.com/our-firm/,pending,
GS,2020,selected capture could not be extracted,insufficient_substantive_text,https://web.archive.org/web/20200615213617id_/https://www.goldmansachs.com/our-firm/,pending,
GS,2021,selected capture could not be extracted,insufficient_substantive_text,https://web.archive.org/web/20210627084310id_/https://www.goldmansachs.com/our-firm/,pending,
GS,2022,selected capture could not be extracted,insufficient_substantive_text,https://web.archive.org/web/20220629125536id_/https://www.goldmansachs.com/our-firm/,pending,
GS,2023,selected capture could not be extracted,insufficient_substantive_text,https://web.archive.org/web/20230904141529id_/https://www.goldmansachs.com/our-firm/,pending,
GS,2024,selected capture could not be extracted,insufficient_substantive_text,https://web.archive.org/web/20240514233311id_/https://www.goldmansachs.com/our-firm/,pending,
HAL,2021,review_required,usable,https://web.archive.org/web/20210619184439id_/https://www.halliburton.com/en/about-us,pending,
HAL,2022,review_required,usable,https://web.archive.org/web/20220706043557id_/https://www.halliburton.com/en/about-us,pending,
HAL,2023,review_required,usable,https://web.archive.org/web/20230702071747id_/http://www.halliburton.com/en/about-us,pending,
HAL,2024,review_required,usable,https://web.archive.org/web/20240701173643id_/https://www.halliburton.com/en/about-us,pending,
HD,2022,review_required,usable,https://web.archive.org/web/20220722135701id_/https://corporate.homedepot.com/page/about-us,pending,
HD,2023,review_required,usable,https://web.archive.org/web/20230702023609id_/https://corporate.homedepot.com/page/about-us,pending,
HD,2024,automated_pass,usable,https://web.archive.org/web/20240702224741id_/https://corporate.homedepot.com/page/about-us,pending,
IBM,2020,automated_pass,usable,https://web.archive.org/web/20201117025607id_/https://www.ibm.com/about,pending,
IBM,2021,automated_pass,usable,https://web.archive.org/web/20210623191025id_/https://www.ibm.com/about,pending,
IBM,2022,automated_pass,usable,https://web.archive.org/web/20220630123634id_/https://www.ibm.com/about,pending,
IBM,2023,automated_pass,usable,https://web.archive.org/web/20230630053933id_/https://www.ibm.com/about,pending,
IBM,2024,review_required,usable,https://web.archive.org/web/20240630083902id_/https://www.ibm.com/about,pending,
INTC,2016,review_required,usable,https://web.archive.org/web/20160704145202id_/http://www.intel.com:80/content/www/us/en/company-overview/company-overview.html,pending,
INTC,2017,review_required,usable,https://web.archive.org/web/20170610051611id_/https://www.intel.com/content/www/us/en/company-overview/company-overview.html,pending,
INTC,2018,automated_pass,usable,https://web.archive.org/web/20180627225202id_/https://www.intel.com/content/www/us/en/company-overview/company-overview.html,pending,
INTC,2019,automated_pass,usable,https://web.archive.org/web/20190703081420id_/https://www.intel.com/content/www/us/en/company-overview/company-overview.html,pending,
INTC,2020,automated_pass,usable,https://web.archive.org/web/20200630025443id_/https://www.intel.com/content/www/us/en/company-overview/company-overview.html,pending,
INTC,2021,automated_pass,usable,https://web.archive.org/web/20210702064504id_/https://www.intel.com/content/www/us/en/company-overview/company-overview.html,pending,
INTC,2022,automated_pass,usable,https://web.archive.org/web/20220629140529id_/https://www.intel.com/content/www/us/en/company-overview/company-overview.html,pending,
INTC,2023,selected capture could not be extracted,insufficient_substantive_text,https://web.archive.org/web/20230701084347id_/https://www.intel.com/content/www/us/en/company-overview/company-overview.html,pending,
INTC,2024,selected capture could not be extracted,insufficient_substantive_text,https://web.archive.org/web/20240701141513id_/https://www.intel.com/content/www/us/en/company-overview/company-overview.html,pending,
JNJ,2016,selected capture could not be extracted,insufficient_substantive_text,https://web.archive.org/web/20160629220657id_/http://www.jnj.com:80/about-jnj,pending,
JNJ,2017,review_required,usable,https://web.archive.org/web/20170503173344id_/https://www.jnj.com/about-jnj,pending,
JNJ,2018,review_required,usable,https://web.archive.org/web/20180701200238id_/https://www.jnj.com/about-jnj,pending,
JNJ,2019,review_required,usable,https://web.archive.org/web/20190719083348id_/https://www.jnj.com/about-jnj,pending,
JNJ,2020,review_required,usable,https://web.archive.org/web/20200630205949id_/https://www.jnj.com/about-jnj,pending,
JNJ,2021,review_required,usable,https://web.archive.org/web/20210627232749id_/https://www.jnj.com/about-jnj,pending,
JNJ,2022,review_required,usable,https://web.archive.org/web/20220628010343id_/https://www.jnj.com/about-jnj,pending,
JNJ,2023,review_required,usable,https://web.archive.org/web/20230702044250id_/https://www.jnj.com/about-jnj,pending,
JPM,2020,automated_pass,usable,https://web.archive.org/web/20201024170002id_/https://www.jpmorganchase.com/about,pending,
JPM,2021,automated_pass,usable,https://web.archive.org/web/20210621074724id_/https://www.jpmorganchase.com/about,pending,
JPM,2022,automated_pass,usable,https://web.archive.org/web/20220630124911id_/https://www.jpmorganchase.com/about,pending,
JPM,2023,automated_pass,usable,https://web.archive.org/web/20230701133252id_/https://www.jpmorganchase.com/about,pending,
JPM,2024,automated_pass,usable,https://web.archive.org/web/20240703154138id_/https://www.jpmorganchase.com/about,pending,
LLY,2018,selected capture could not be extracted,insufficient_substantive_text,https://web.archive.org/web/20180623093314id_/https://www.lilly.com/who-we-are,pending,
LLY,2020,selected capture could not be extracted,insufficient_substantive_text,https://web.archive.org/web/20200310120759id_/https://www.lilly.com/who-we-are,pending,
LLY,2022,selected capture could not be extracted,insufficient_substantive_text,https://web.archive.org/web/20220124043931id_/https://www.lilly.com/who-we-are/,pending,
LOW,2020,selected capture could not be extracted,insufficient_substantive_text,https://web.archive.org/web/20201001030214id_/https://corporate.lowes.com/who-we-are,pending,
LOW,2021,selected capture could not be extracted,insufficient_substantive_text,https://web.archive.org/web/20210606040732id_/https://corporate.lowes.com/who-we-are,pending,
LOW,2022,selected capture could not be extracted,insufficient_substantive_text,https://web.archive.org/web/20220630061300id_/https://corporate.lowes.com/who-we-are,pending,
LOW,2023,selected capture could not be extracted,insufficient_substantive_text,https://web.archive.org/web/20230606045138id_/https://corporate.lowes.com/who-we-are,pending,
LOW,2024,selected capture could not be extracted,insufficient_substantive_text,https://web.archive.org/web/20240529095241id_/https://corporate.lowes.com/who-we-are,pending,
MCD,2020,automated_pass,usable,https://web.archive.org/web/20201110173214id_/https://corporate.mcdonalds.com/corpmcd/our-purpose-and-impact.html,pending,
MCD,2021,automated_pass,usable,https://web.archive.org/web/20210616175352id_/https://corporate.mcdonalds.com/corpmcd/our-purpose-and-impact.html,pending,
MCD,2022,automated_pass,usable,https://web.archive.org/web/20220619020930id_/https://corporate.mcdonalds.com/corpmcd/our-purpose-and-impact.html,pending,
MCD,2023,automated_pass,usable,https://web.archive.org/web/20230603153726id_/https://corporate.mcdonalds.com/corpmcd/our-purpose-and-impact.html,pending,
MCD,2024,automated_pass,usable,https://web.archive.org/web/20240619223321id_/https://corporate.mcdonalds.com/corpmcd/our-purpose-and-impact.html,pending,
MDT,2021,review_required,usable,https://web.archive.org/web/20211015194613id_/https://www.medtronic.com/us-en/our-company.html,pending,
MDT,2022,review_required,usable,https://web.archive.org/web/20220630171323id_/https://www.medtronic.com/us-en/our-company.html,pending,
MDT,2023,review_required,usable,https://web.archive.org/web/20230705194202id_/https://www.medtronic.com/us-en/our-company.html,pending,
MDT,2024,review_required,usable,https://web.archive.org/web/20240623201721id_/https://www.medtronic.com/us-en/our-company.html,pending,
META,2019,automated_pass,usable,https://web.archive.org/web/20191112045228id_/https://about.fb.com/company-info/,pending,
META,2020,automated_pass,usable,https://web.archive.org/web/20200629182427id_/https://about.fb.com/company-info/,pending,
META,2021,automated_pass,usable,https://web.archive.org/web/20210506005446id_/https://about.fb.com/company-info/,pending,
META,2022,review_required,usable,https://web.archive.org/web/20220920050318id_/https://about.meta.com/company-info/,pending,
META,2023,review_required,usable,https://web.archive.org/web/20230630091730id_/https://about.meta.com/company-info/,pending,
META,2024,ConnectError: [Errno 61] Connection refused,retrieval_failed,https://web.archive.org/web/20240630160429id_/https://about.meta.com/company-info/,pending,
MPC,2019,ConnectError: [Errno 61] Connection refused,retrieval_failed,https://web.archive.org/web/20190620170933id_/https://www.marathonpetroleum.com/About/,pending,
MPC,2020,ConnectError: [Errno 61] Connection refused,retrieval_failed,https://web.archive.org/web/20200805112348id_/https://www.marathonpetroleum.com/About/,pending,
MPC,2021,ConnectError: [Errno 61] Connection refused,retrieval_failed,https://web.archive.org/web/20210614153143id_/https://www.marathonpetroleum.com/About/,pending,
MPC,2022,ConnectError: [Errno 61] Connection refused,retrieval_failed,https://web.archive.org/web/20220620002237id_/https://www.marathonpetroleum.com/About/,pending,
MPC,2023,ConnectError: [Errno 61] Connection refused,retrieval_failed,https://web.archive.org/web/20230826185803id_/https://www.marathonpetroleum.com/About/,pending,
MPC,2024,ConnectError: [Errno 61] Connection refused,retrieval_failed,https://web.archive.org/web/20240620092623id_/https://www.marathonpetroleum.com/About/,pending,
MRK,2020,ConnectError: [Errno 61] Connection refused,retrieval_failed,https://web.archive.org/web/20200811063349id_/https://www.merck.com/company-overview/,pending,
MRK,2021,ConnectError: [Errno 61] Connection refused,retrieval_failed,https://web.archive.org/web/20210703001224id_/https://www.merck.com/company-overview/,pending,
MRK,2022,ConnectError: [Errno 61] Connection refused,retrieval_failed,https://web.archive.org/web/20220701224411id_/https://www.merck.com/company-overview/,pending,
MRK,2023,ConnectError: [Errno 61] Connection refused,retrieval_failed,https://web.archive.org/web/20230701182214id_/https://www.merck.com/company-overview/,pending,
MRK,2024,selected capture could not be extracted,insufficient_substantive_text,https://web.archive.org/web/20240628010012id_/https://www.merck.com/company-overview/,pending,
MS,2016,ConnectError: [Errno 61] Connection refused,retrieval_failed,https://web.archive.org/web/20160630151300id_/http://www.morganstanley.com:80/about-us,pending,
MS,2017,ConnectError: [Errno 61] Connection refused,retrieval_failed,https://web.archive.org/web/20170630165554id_/http://www.morganstanley.com:80/about-us/,pending,
MS,2018,ConnectError: [Errno 61] Connection refused,retrieval_failed,https://web.archive.org/web/20180702050329id_/http://www.morganstanley.com/about-us,pending,
MS,2019,ConnectError: [Errno 61] Connection refused,retrieval_failed,https://web.archive.org/web/20190618233102id_/http://www.morganstanley.com:80/about-us,pending,
MS,2020,ConnectError: [Errno 61] Connection refused,retrieval_failed,https://web.archive.org/web/20200708060944id_/https://www.morganstanley.com/about-us,pending,
MS,2021,review_required,usable,https://web.archive.org/web/20210709090054id_/https://www.morganstanley.com/about-us,pending,
MS,2022,review_required,usable,https://web.archive.org/web/20220707131519id_/https://www.morganstanley.com/about-us,pending,
MS,2023,review_required,usable,https://web.archive.org/web/20230701040553id_/https://www.morganstanley.com/about-us,pending,
MS,2024,ConnectError: [Errno 61] Connection refused,retrieval_failed,https://web.archive.org/web/20240703044621id_/https://www.morganstanley.com/about-us,pending,
MSFT,2017,selected capture could not be extracted,insufficient_substantive_text,https://web.archive.org/web/20170701045506id_/https://www.microsoft.com/en-us/about,pending,
MSFT,2018,selected capture could not be extracted,insufficient_substantive_text,https://web.archive.org/web/20180630121020id_/https://www.microsoft.com/en-us/about,pending,
MSFT,2019,review_required,usable,https://web.archive.org/web/20190630212349id_/https://www.microsoft.com/en-us/about,pending,
MSFT,2020,review_required,usable,https://web.archive.org/web/20200701214157id_/https://www.microsoft.com/en-us/about,pending,
MSFT,2021,review_required,usable,https://web.archive.org/web/20210630051241id_/https://www.microsoft.com/en-us/about,pending,
MSFT,2022,review_required,usable,https://web.archive.org/web/20220630144336id_/https://www.microsoft.com/en-us/about,pending,
MSFT,2023,review_required,usable,https://web.archive.org/web/20230630172439id_/https://www.microsoft.com/en-us/about,pending,
MSFT,2024,selected capture could not be extracted,insufficient_substantive_text,https://web.archive.org/web/20240701230101id_/https://www.microsoft.com/en-us/about,pending,
NKE,2022,ConnectError: [Errno 61] Connection refused,retrieval_failed,https://web.archive.org/web/20220714004253id_/https://about.nike.com/en/company,pending,
NKE,2023,ConnectError: [Errno 61] Connection refused,retrieval_failed,https://web.archive.org/web/20230708204245id_/https://about.nike.com/en/company,pending,
NKE,2024,ConnectError: [Errno 61] Connection refused,retrieval_failed,https://web.archive.org/web/20240630025627id_/https://about.nike.com/en/company,pending,
NVDA,2016,selected capture could not be extracted,insufficient_substantive_text,https://web.archive.org/web/20161129032458id_/https://www2.nvidia.com/en-us/about-nvidia/,pending,
NVDA,2018,selected capture could not be extracted,insufficient_substantive_text,https://web.archive.org/web/20180809002337id_/https://www.nvidia.com/en-us/about-nvidia/,pending,
NVDA,2019,selected capture could not be extracted,insufficient_substantive_text,https://web.archive.org/web/20190701215625id_/https://www.nvidia.com/en-us/about-nvidia/,pending,
NVDA,2020,selected capture could not be extracted,insufficient_substantive_text,https://web.archive.org/web/20200626063746id_/https://www.nvidia.com/en-us/about-nvidia/,pending,
NVDA,2021,selected capture could not be extracted,insufficient_substantive_text,https://web.archive.org/web/20210707184544id_/https://www.nvidia.com/en-us/about-nvidia/,pending,
NVDA,2022,selected capture could not be extracted,insufficient_substantive_text,https://web.archive.org/web/20220627003508id_/https://www.nvidia.com/en-us/about-nvidia/,pending,
NVDA,2023,review_required,usable,https://web.archive.org/web/20230627231136id_/https://www.nvidia.com/en-us/about-nvidia/,pending,
NVDA,2024,review_required,usable,https://web.archive.org/web/20240701211926id_/https://www.nvidia.com/en-us/about-nvidia/,pending,
ORCL,2018,review_required,usable,https://web.archive.org/web/20180927154601id_/https://www.oracle.com/corporate/,pending,
ORCL,2019,review_required,usable,https://web.archive.org/web/20190630231129id_/https://www.oracle.com/corporate/,pending,
ORCL,2020,review_required,usable,https://web.archive.org/web/20200630104638id_/https://www.oracle.com/corporate/,pending,
ORCL,2021,review_required,usable,https://web.archive.org/web/20210701062101id_/https://www.oracle.com/corporate/,pending,
ORCL,2022,review_required,usable,https://web.archive.org/web/20220630112545id_/https://www.oracle.com/corporate/,pending,
ORCL,2023,review_required,usable,https://web.archive.org/web/20230702090658id_/https://www.oracle.com/corporate/,pending,
ORCL,2024,review_required,usable,https://web.archive.org/web/20240626001319id_/https://www.oracle.com/corporate/,pending,
PFE,2016,selected capture could not be extracted,insufficient_substantive_text,https://web.archive.org/web/20160703061437id_/http://www.pfizer.com:80/about,pending,
PFE,2017,ConnectError: [Errno 61] Connection refused,retrieval_failed,https://web.archive.org/web/20170331110400id_/http://www.pfizer.com:80/about,pending,
PFE,2021,ConnectError: [Errno 61] Connection refused,retrieval_failed,https://web.archive.org/web/20211216141830id_/https://www.pfizer.com/about,pending,
PFE,2022,ConnectError: [Errno 61] Connection refused,retrieval_failed,https://web.archive.org/web/20220702200438id_/https://www.pfizer.com/about#our-people,pending,
PFE,2023,ConnectError: [Errno 61] Connection refused,retrieval_failed,https://web.archive.org/web/20230722094342id_/https://www.pfizer.com/about,pending,
PFE,2024,ConnectError: [Errno 61] Connection refused,retrieval_failed,https://web.archive.org/web/20240701235055id_/https://www.pfizer.com/about,pending,
PSX,2017,ConnectError: [Errno 61] Connection refused,retrieval_failed,https://web.archive.org/web/20171001182130id_/http://www.phillips66.com:80/about/,pending,
PSX,2018,selected capture could not be extracted,insufficient_substantive_text,https://web.archive.org/web/20180701113353id_/http://www.phillips66.com/about,pending,
PSX,2019,ConnectError: [Errno 61] Connection refused,retrieval_failed,https://web.archive.org/web/20190708222556id_/https://www.phillips66.com/about,pending,
PSX,2020,ConnectError: [Errno 61] Connection refused,retrieval_failed,https://web.archive.org/web/20200604060544id_/https://www.phillips66.com/about,pending,
PSX,2021,ConnectError: [Errno 61] Connection refused,retrieval_failed,https://web.archive.org/web/20210623120126id_/https://www.phillips66.com/about,pending,
PSX,2022,ConnectError: [Errno 61] Connection refused,retrieval_failed,https://web.archive.org/web/20220703043523id_/https://www.phillips66.com/about,pending,
SBUX,2024,ConnectError: [Errno 61] Connection refused,retrieval_failed,https://web.archive.org/web/20241203152220id_/https://about.starbucks.com/mission/,pending,
SCHW,2016,ConnectError: [Errno 61] Connection refused,retrieval_failed,https://web.archive.org/web/20160421083128id_/https://www.aboutschwab.com/,pending,
SCHW,2017,ConnectError: [Errno 61] Connection refused,retrieval_failed,https://web.archive.org/web/20170701044806id_/https://www.aboutschwab.com/,pending,
SCHW,2018,review_required,usable,https://web.archive.org/web/20180815054422id_/https://www.aboutschwab.com/,pending,
SCHW,2019,ConnectError: [Errno 61] Connection refused,retrieval_failed,https://web.archive.org/web/20190622030228id_/https://www.aboutschwab.com/,pending,
SCHW,2020,ConnectError: [Errno 61] Connection refused,retrieval_failed,https://web.archive.org/web/20200628155222id_/https://www.aboutschwab.com/,pending,
SCHW,2021,ConnectError: [Errno 61] Connection refused,retrieval_failed,https://web.archive.org/web/20210629095205id_/https://www.aboutschwab.com/,pending,
SCHW,2022,ConnectError: [Errno 61] Connection refused,retrieval_failed,https://web.archive.org/web/20220702004233id_/https://www.aboutschwab.com/,pending,
SCHW,2023,ConnectError: [Errno 61] Connection refused,retrieval_failed,https://web.archive.org/web/20230703222214id_/https://www.aboutschwab.com/,pending,
SCHW,2024,automated_pass,usable,https://web.archive.org/web/20240701134033id_/https://www.aboutschwab.com/,pending,
TGT,2016,ConnectError: [Errno 61] Connection refused,retrieval_failed,https://web.archive.org/web/20160716093842id_/https://corporate.target.com/about/,pending,
TGT,2017,ConnectError: [Errno 61] Connection refused,retrieval_failed,https://web.archive.org/web/20170701120115id_/https://corporate.target.com/about/,pending,
TGT,2018,ConnectError: [Errno 61] Connection refused,retrieval_failed,https://web.archive.org/web/20180815145624id_/https://corporate.target.com/about/,pending,
TGT,2019,ConnectError: [Errno 61] Connection refused,retrieval_failed,https://web.archive.org/web/20190717024326id_/https://corporate.target.com/about,pending,
TGT,2020,ConnectError: [Errno 61] Connection refused,retrieval_failed,https://web.archive.org/web/20200629172012id_/https://corporate.target.com/about,pending,
TGT,2021,ConnectError: [Errno 61] Connection refused,retrieval_failed,https://web.archive.org/web/20210626220320id_/https://corporate.target.com/about,pending,
TGT,2022,ConnectError: [Errno 61] Connection refused,retrieval_failed,https://web.archive.org/web/20220702032434id_/https://corporate.target.com/about,pending,
TGT,2023,ConnectError: [Errno 61] Connection refused,retrieval_failed,https://web.archive.org/web/20230614080005id_/https://corporate.target.com/about,pending,
TGT,2024,review_required,usable,https://web.archive.org/web/20240705025654id_/https://corporate.target.com/about,pending,
TJX,2017,ConnectError: [Errno 61] Connection refused,retrieval_failed,https://web.archive.org/web/20170606070337id_/http://www.tjx.com/company/,pending,
TJX,2018,ConnectError: [Errno 61] Connection refused,retrieval_failed,https://web.archive.org/web/20180701131228id_/http://www.tjx.com/company/,pending,
TJX,2019,ConnectError: [Errno 61] Connection refused,retrieval_failed,https://web.archive.org/web/20190718235300id_/https://www.tjx.com/company/,pending,
TJX,2020,ConnectError: [Errno 61] Connection refused,retrieval_failed,https://web.archive.org/web/20200704104401id_/https://www.tjx.com/company/,pending,
TJX,2021,ConnectError: [Errno 61] Connection refused,retrieval_failed,https://web.archive.org/web/20210721163611id_/https://www.tjx.com/company/,pending,
TJX,2022,ConnectError: [Errno 61] Connection refused,retrieval_failed,https://web.archive.org/web/20220610204728id_/https://www.tjx.com/company,pending,
TJX,2023,ConnectError: [Errno 61] Connection refused,retrieval_failed,https://web.archive.org/web/20230625060911id_/https://www.tjx.com/company/,pending,
TMO,2016,ConnectError: [Errno 61] Connection refused,retrieval_failed,https://web.archive.org/web/20160324140541id_/http://www.thermofisher.com/us/en/home/about-us.html,pending,
TSLA,2016,ConnectError: [Errno 61] Connection refused,retrieval_failed,https://web.archive.org/web/20160720164257id_/https://www.tesla.com/about,pending,
TSLA,2017,ConnectError: [Errno 61] Connection refused,retrieval_failed,https://web.archive.org/web/20170623054234id_/https://www.tesla.com/about,pending,
TSLA,2018,ConnectError: [Errno 61] Connection refused,retrieval_failed,https://web.archive.org/web/20180622174840id_/https://www.tesla.com/about,pending,
TSLA,2019,ConnectError: [Errno 61] Connection refused,retrieval_failed,https://web.archive.org/web/20190629203932id_/https://www.tesla.com/about,pending,
TSLA,2020,ConnectError: [Errno 61] Connection refused,retrieval_failed,https://web.archive.org/web/20200629052217id_/https://www.tesla.com/about,pending,
TSLA,2021,ConnectError: [Errno 61] Connection refused,retrieval_failed,https://web.archive.org/web/20210705040413id_/https://www.tesla.com/about,pending,
TSLA,2022,selected capture could not be extracted,insufficient_substantive_text,https://web.archive.org/web/20220701192509id_/https://www.tesla.com/about,pending,
TSLA,2023,ConnectError: [Errno 61] Connection refused,retrieval_failed,https://web.archive.org/web/20230706192013id_/https://www.tesla.com/about,pending,
TSLA,2024,ConnectError: [Errno 61] Connection refused,retrieval_failed,https://web.archive.org/web/20240702053739id_/https://www.tesla.com/about,pending,
VLO,2020,ConnectError: [Errno 61] Connection refused,retrieval_failed,https://web.archive.org/web/20201126153724id_/https://www.valero.com/about,pending,
VLO,2021,ConnectError: [Errno 61] Connection refused,retrieval_failed,https://web.archive.org/web/20210623212645id_/https://www.valero.com/about,pending,
VLO,2022,ConnectError: [Errno 61] Connection refused,retrieval_failed,https://web.archive.org/web/20220524061456id_/https://www.valero.com/about,pending,
VLO,2023,ConnectError: [Errno 61] Connection refused,retrieval_failed,https://web.archive.org/web/20230628185731id_/https://www.valero.com/about,pending,
VLO,2024,ConnectError: [Errno 61] Connection refused,retrieval_failed,https://web.archive.org/web/20240701195229id_/https://www.valero.com/about,pending,
WFC,2016,ConnectError: [Errno 61] Connection refused,retrieval_failed,https://web.archive.org/web/20160623222653id_/https://www.wellsfargo.com/about/,pending,
WFC,2017,ConnectError: [Errno 61] Connection refused,retrieval_failed,https://web.archive.org/web/20170701110129id_/https://www.wellsfargo.com/about/,pending,
WFC,2018,ConnectError: [Errno 61] Connection refused,retrieval_failed,https://web.archive.org/web/20180630054047id_/https://www.wellsfargo.com/about/,pending,
WFC,2019,ConnectError: [Errno 61] Connection refused,retrieval_failed,https://web.archive.org/web/20190709170333id_/https://www.wellsfargo.com/about/,pending,
WFC,2020,ConnectError: [Errno 61] Connection refused,retrieval_failed,https://web.archive.org/web/20200701175034id_/https://www.wellsfargo.com/about/,pending,
WFC,2021,ConnectError: [Errno 61] Connection refused,retrieval_failed,https://web.archive.org/web/20210624145726id_/https://www.wellsfargo.com/about/,pending,
WFC,2022,ConnectError: [Errno 61] Connection refused,retrieval_failed,https://web.archive.org/web/20220626011416id_/https://www.wellsfargo.com/about/,pending,
WFC,2023,ConnectError: [Errno 61] Connection refused,retrieval_failed,https://web.archive.org/web/20230701233000id_/https://www.wellsfargo.com/about/,pending,
WFC,2024,ConnectError: [Errno 61] Connection refused,retrieval_failed,https://web.archive.org/web/20240701110220id_/https://www.wellsfargo.com/about/,pending,
XOM,2023,ConnectError: [Errno 61] Connection refused,retrieval_failed,https://web.archive.org/web/20230606101640id_/https://corporate.exxonmobil.com/who-we-are,pending,
XOM,2024,ConnectError: [Errno 61] Connection refused,retrieval_failed,https://web.archive.org/web/20240701191343id_/https://corporate.exxonmobil.com/who-we-are,pending,
